,Cities,Temp,Humidity,Cloudiness,Windspeed,Lat,Lng,Country,Date
0,Broome,26.64,73,1,1.99,42.2506,-75.833,US,1641352647
1,Husavik,6.71,79,35,13.58,66.0449,-17.3389,IS,1641352649
2,Carnarvon,87.87,58,0,16.11,-24.8667,113.6333,AU,1641352652
3,Mount Gambier,60.71,94,90,21.85,-37.8333,140.7667,AU,1641352654
4,Mataura,56.48,66,100,5.73,-46.1927,168.8643,NZ,1641352656
5,George Town,82.76,71,20,1.01,5.4112,100.3354,MY,1641352534
6,Mitú,76.1,69,85,2.55,1.1983,-70.1733,CO,1641352661
7,Tuatapere,56.82,70,100,9.42,-46.1333,167.6833,NZ,1641352663
8,Vaini,82.56,89,90,11.5,-21.2,-175.2,TO,1641352665
9,Kapaa,78.57,75,1,1.99,22.0752,-159.319,US,1641352668
10,Bredasdorp,58.32,82,0,5.75,-34.5322,20.0403,ZA,1641352670
11,Rikitea,74.79,75,100,13.76,-23.1203,-134.9692,PF,1641352672
12,Albany,25.32,74,62,5.46,42.6001,-73.9662,US,1641352417
13,Portland,42.71,94,90,1.99,45.5234,-122.6762,US,1641352337
14,Bonoua,76.62,88,51,2.91,5.2741,-3.595,CI,1641352679
15,Busselton,84.04,42,0,5.41,-33.65,115.3333,AU,1641352681
16,Cape Town,62.37,82,0,2.55,-33.9258,18.4232,ZA,1641352477
17,Isangel,82.78,79,89,12.19,-19.55,169.2667,VU,1641352686
18,Seoul,30.11,40,0,3.44,37.5683,126.9778,KR,1641352688
19,Boa Vista,78.78,65,0,12.66,2.8197,-60.6733,BR,1641352690
20,San Cristobal,68.18,84,58,1.74,7.7669,-72.225,VE,1641352693
21,Lodwar,82.36,42,100,3.53,3.1191,35.5973,KE,1641352699
22,Jamestown,32.52,46,1,5.99,42.097,-79.2353,US,1641352465
23,Butaritari,82.96,58,100,7.2,3.0707,172.7902,KI,1641352706
24,Tuktoyaktuk,-23.8,76,40,10.36,69.4541,-133.0374,CA,1641352708
25,Hilo,77.38,75,20,13.8,19.7297,-155.09,US,1641352691
26,Caravelas,73.69,93,44,5.99,-17.7125,-39.2481,BR,1641352713
27,Leer,69.93,28,83,7.0,8.3018,30.1418,SS,1641352715
28,Lorengau,82.81,75,100,10.38,-2.0226,147.2712,PG,1641352717
29,Torbay,12.51,85,90,19.57,47.6666,-52.7314,CA,1641352720
30,Anadyr,6.01,84,0,4.0,64.75,177.4833,RU,1641352722
31,Camacupa,58.87,97,99,2.15,-12.0167,17.4833,AO,1641352724
32,Puerto Ayora,70.65,88,100,5.26,-0.7393,-90.3518,EC,1641352729
33,Saint George,39.85,62,1,1.01,37.1041,-113.5841,US,1641352505
34,Bambous Virieux,80.85,74,40,10.36,-20.3428,57.7575,MU,1641352735
35,Skvyra,45.43,76,100,16.82,49.7318,29.6657,UA,1641352738
36,Pisco,69.85,83,0,8.05,-13.7,-76.2167,PE,1641352483
37,Atuona,78.94,69,6,16.33,-9.8,-139.0333,PF,1641352742
38,Qaanaaq,-5.94,60,0,8.84,77.484,-69.3632,GL,1641352744
39,Laas,41.11,98,100,5.08,46.6166,10.7002,IT,1641352747
40,Vanavara,5.58,98,97,3.69,60.34,102.2797,RU,1641352749
41,Deputatsky,-39.51,90,11,2.3,69.3,139.9,RU,1641352751
42,Port Alfred,70.72,92,98,8.16,-33.5906,26.891,ZA,1641352754
43,Sur,71.55,63,81,11.68,22.5667,59.5289,OM,1641352756
44,Saskylakh,-40.72,96,25,11.01,71.9167,114.0833,RU,1641352758
45,Yaan,73.47,30,100,5.1,7.3833,8.5667,NG,1641352761
46,New Norfolk,68.05,41,100,1.99,-42.7826,147.0587,AU,1641352763
47,Iqaluit,4.73,78,90,10.36,63.7506,-68.5145,CA,1641352765
48,Russell,39.67,96,1,0.0,32.3502,-85.1999,US,1641352770
49,Verkhnyaya Inta,-12.93,98,100,11.27,65.9811,60.3094,RU,1641352772
50,Hithadhoo,81.73,72,100,2.93,-0.6,73.0833,MV,1641352774
51,Punta Arenas,46.51,71,0,12.66,-53.15,-70.9167,CL,1641352777
52,Nouadhibou,62.58,67,100,11.5,20.931,-17.0347,MR,1641352779
53,Bluff,56.8,70,100,6.04,-46.6,168.3333,NZ,1641352781
54,Lata,45.84,91,99,2.91,40.1629,-8.3327,PT,1641352784
55,Hasaki,44.46,38,6,18.7,35.7333,140.8333,JP,1641352786
56,Wajima,34.48,80,75,6.91,37.4,136.9,JP,1641352788
57,Mt. Pleasant,48.15,84,90,1.01,32.7941,-79.8626,US,1641352791
58,Ponta do Sol,60.35,62,8,6.96,32.6667,-17.1,PT,1641352793
59,East London,68.94,100,75,8.05,-33.0153,27.9116,ZA,1641352795
60,Tezu,67.89,33,65,1.34,27.9167,96.1667,IN,1641352798
61,Digby,25.0,71,73,13.69,44.6169,-65.7655,CA,1641352800
62,Talaya,3.52,96,100,5.57,61.3833,152.75,RU,1641352802
63,Lavrentiya,4.1,56,22,4.41,65.5833,-171.0,RU,1641352805
64,Muravlenko,-7.46,97,100,16.31,63.7898,74.523,RU,1641352809
65,Pryazha,13.24,96,100,4.5,61.6926,33.6216,RU,1641352811
66,Kantunilkín,71.44,75,97,3.36,21.0917,-87.45,MX,1641352814
67,Chokurdakh,-20.4,98,100,6.26,70.6333,147.9167,RU,1641352816
68,Margate,35.76,83,7,27.07,51.3813,1.3862,GB,1641352820
69,Ushuaia,38.86,81,75,8.05,-54.8,-68.3,AR,1641352823
70,Cayenne,78.1,86,90,1.14,4.9333,-52.3333,GF,1641352637
71,Bethel,26.04,69,1,0.0,41.3712,-73.414,US,1641352633
72,Hermanus,54.81,81,5,6.73,-34.4187,19.2345,ZA,1641352831
73,Quatre Cocos,80.1,80,70,8.86,-20.2078,57.7625,MU,1641352834
74,Nungua,81.01,83,0,2.3,5.6011,-0.0771,GH,1641352836
75,Gisborne,74.95,74,45,8.95,-38.6533,178.0042,NZ,1641352838
76,Kruisfontein,67.89,94,15,14.7,-34.0033,24.7314,ZA,1641352841
77,Alice Springs,94.55,11,0,9.22,-23.7,133.8833,AU,1641352586
78,Tataouine,54.48,44,0,12.12,32.9297,10.4518,TN,1641352845
79,Port-de-Bouc,50.07,84,90,20.71,43.4,4.9833,FR,1641352847
80,Nantucket,34.81,72,1,13.8,41.2835,-70.0995,US,1641352757
81,Manises,54.95,42,0,14.97,39.4914,-0.4635,ES,1641352852
82,Cidreira,74.82,92,89,4.56,-30.1811,-50.2056,BR,1641352854
83,Komatipoort,73.06,97,84,1.36,-25.4332,31.9548,ZA,1641352856
84,Karpogory,-20.38,99,32,3.67,64.0019,44.4451,RU,1641352859
85,Termoli,51.1,84,53,8.46,41.9888,14.9895,IT,1641352861
86,Henties Bay,60.85,93,8,3.09,-22.116,14.2845,NA,1641352863
87,Gaoua,70.68,23,6,5.61,10.2992,-3.2508,BF,1641352803
88,Nelson Bay,80.26,73,16,3.0,-32.7167,152.15,AU,1641352868
89,Bad Salzungen,37.53,87,100,5.01,50.8167,10.2333,DE,1641352870
90,Paamiut,25.74,95,100,18.1,61.994,-49.6678,GL,1641352873
91,Juneau,-1.89,100,20,11.5,58.3019,-134.4197,US,1641352875
92,Kisangani,67.75,97,100,1.59,0.5167,25.2,CD,1641352877
93,Jutaí,73.13,98,98,2.39,-5.1833,-68.9,BR,1641352879
94,Belmonte,75.7,87,99,6.44,-15.8631,-38.8828,BR,1641352882
95,Avarua,82.45,78,75,16.11,-21.2078,-159.775,CK,1641352884
96,Belyy Yar,6.69,85,100,0.0,53.6039,91.3903,RU,1641352887
97,Codrington,60.84,94,100,25.59,-38.2667,141.9667,AU,1641352889
98,Kununurra,94.98,49,51,3.44,-15.7667,128.7333,AU,1641352891
99,Constitución,57.97,81,2,12.75,-35.3333,-72.4167,CL,1641352893
100,Touros,81.5,74,16,12.8,-5.1989,-35.4608,BR,1641352896
101,Aykhal,-26.59,99,100,11.3,66.0,111.5,RU,1641352898
102,Sitka,15.69,53,40,10.36,57.0531,-135.33,US,1641352900
103,Sierra Bullones,84.06,82,97,11.92,9.8081,124.2921,PH,1641352903
104,Medininagar,60.06,41,2,3.56,24.0333,84.0667,IN,1641352905
105,Atambua,79.11,82,99,6.8,-9.1061,124.8925,ID,1641352907
106,Galveston,58.71,84,73,11.56,29.3669,-94.9669,US,1641352910
107,Vao,78.84,78,75,16.98,-22.6667,167.4833,NC,1641352914
108,Mapiripán,76.24,51,49,5.97,2.8892,-72.1256,CO,1641352916
109,Coos Bay,52.21,97,90,19.57,43.3665,-124.2179,US,1641352919
110,Shache,24.28,48,69,2.55,38.4167,77.2406,CN,1641352921
111,Vardø,16.0,89,100,23.04,70.3705,31.1107,NO,1641352923
112,Kavaratti,80.74,71,7,5.7,10.5669,72.642,IN,1641352926
113,Leh,17.76,89,100,2.46,34.1667,77.5833,IN,1641352930
114,Bolu Province,37.98,81,50,5.32,40.6667,31.5833,TR,1641352932
115,San Quintín,56.75,80,1,9.28,30.4833,-115.95,MX,1641352935
116,Hillsboro,42.17,90,90,4.61,45.5229,-122.9898,US,1641352800
117,Mar del Plata,66.09,73,2,1.01,-38.0023,-57.5575,AR,1641352939
118,Aklavik,-19.37,92,25,13.56,68.2191,-135.0107,CA,1641352941
119,Lewiston,20.41,76,1,6.91,44.1003,-70.2148,US,1641352649
120,Makkah al Mukarramah,66.51,43,2,7.47,21.4267,39.8261,SA,1641352946
121,Kuvshinovo,31.86,95,100,8.57,57.0295,34.1725,RU,1641352948
122,Saint Paul Harbor,35.11,75,90,18.41,57.79,-152.4072,US,1641352950
123,Nikolskoye,33.17,99,100,4.83,59.7035,30.7861,RU,1641352953
124,Dikson,-19.52,97,100,20.76,73.5069,80.5464,RU,1641352955
125,Krasnosel'kup,-7.58,94,65,17.85,65.7,82.4667,RU,1641352957
126,Kahului,77.74,77,20,14.97,20.8947,-156.47,US,1641352836
127,Williams Lake,-9.83,64,75,5.75,52.1415,-122.1445,CA,1641352962
128,Stokmarknes,30.38,65,95,20.56,68.5646,14.9108,NO,1641352964
129,Mahébourg,80.89,74,40,10.36,-20.4081,57.7,MU,1641352967
130,Lompoc,52.88,87,20,6.91,34.6391,-120.4579,US,1641352787
131,Binga,70.79,94,100,7.14,-17.6203,27.3414,ZW,1641352971
132,Mabaruma,69.33,82,98,2.82,8.2,-59.7833,GY,1641352973
133,Uyuni,55.22,52,34,7.38,-20.4597,-66.825,BO,1641352976
134,Hobart,67.57,58,75,1.01,-42.8794,147.3294,AU,1641352819
135,Tiksi,-37.35,97,41,5.86,71.6872,128.8694,RU,1641352980
136,Minsk,35.35,97,100,12.53,53.9,27.5667,BY,1641352873
137,Ribeira Grande,60.76,76,81,14.29,38.5167,-28.7,PT,1641352984
138,Lodja,68.29,99,98,0.69,-3.4833,23.4333,CD,1641352987
139,Esperance,73.54,51,42,17.83,-33.8667,121.9,AU,1641352989
140,Jālna,63.48,48,7,5.82,19.8333,75.8833,IN,1641352991
141,Cubará,69.49,57,35,5.48,7.0008,-72.1085,CO,1641352994
142,Manaure,77.2,77,15,18.77,11.7751,-72.4445,CO,1641352996
143,Kandrian,84.34,71,100,15.17,-6.2167,149.55,PG,1641352992
144,Nkhata Bay,73.33,83,100,3.18,-11.6066,34.2907,MW,1641353000
145,Khatanga,-21.5,84,57,18.05,71.9667,102.5,RU,1641353003
146,Marawi,73.65,69,93,4.88,7.9986,124.2928,PH,1641353005
147,Mayāng Imphāl,50.05,100,90,0.0,24.6167,93.8833,IN,1641353007
148,Wasilla,-3.33,74,1,3.44,61.5814,-149.4394,US,1641353010
149,Wu’an,40.14,77,100,9.26,31.6836,112.0044,CN,1641353012
150,Trairi,77.7,87,100,9.6,-3.2778,-39.2689,BR,1641353014
151,Ahipara,75.29,57,99,12.1,-35.1667,173.1667,NZ,1641352988
152,Provideniya,11.46,53,3,10.92,64.3833,-173.3,RU,1641353019
153,Yulara,96.64,11,11,9.22,-25.2406,130.9889,AU,1641353021
154,Kaunas,37.58,93,90,5.75,54.9,23.9,LT,1641353023
155,Upernavik,4.12,99,100,17.2,72.7868,-56.1549,GL,1641353026
156,Shar'ya,-10.46,99,86,3.33,58.3686,45.5144,RU,1641353028
157,Keningau,82.74,65,47,2.33,5.3378,116.1602,MY,1641353030
158,Severo-Kuril'sk,29.23,61,28,6.4,50.6789,156.125,RU,1641353033
159,Slave Lake,-23.82,69,90,9.22,55.2834,-114.769,CA,1641352876
160,Yamada,34.63,50,11,12.17,39.4667,141.95,JP,1641353037
161,Constantine,42.21,56,0,4.61,36.365,6.6147,DZ,1641353039
162,Polyarnyye Zori,7.29,94,100,8.97,67.3661,32.4981,RU,1641353042
163,Petukhovo,-9.45,92,10,9.13,55.0692,67.9019,RU,1641353046
164,Jasper,44.26,40,81,4.0,37.2001,-94.3502,US,1641352876
165,Fortuna,50.92,94,90,1.99,40.5982,-124.1573,US,1641353050
166,Thompson,-18.24,76,90,8.05,55.7435,-97.8558,CA,1641352881
167,Souillac,80.98,74,40,10.36,-20.5167,57.5167,MU,1641353055
168,Nemuro,25.23,66,94,31.92,43.3236,145.575,JP,1641353057
169,Rawson,60.78,59,1,16.49,-43.3002,-65.1023,AR,1641353059
170,Ürümqi,14.95,73,100,4.47,43.801,87.6005,CN,1641353062
171,Faanui,81.0,69,11,1.28,-16.4833,-151.75,PF,1641353064
172,Gračac,46.15,97,100,12.41,44.3006,15.8547,HR,1641353071
173,Kulhudhuffushi,80.76,71,20,1.83,6.6221,73.07,MV,1641353073
174,Shimoda,45.1,71,99,10.65,34.6667,138.95,JP,1641353075
175,Mujiayingzi,23.49,33,0,5.14,42.1167,118.7833,CN,1641353078
176,Ancud,50.41,85,55,4.21,-41.8697,-73.8203,CL,1641353080
177,Guarapari,76.89,91,90,10.69,-20.6667,-40.4975,BR,1641353082
178,Darhan,3.31,86,8,5.59,49.4867,105.9228,MN,1641353084
179,Damietta,55.29,80,3,9.86,31.4165,31.8133,EG,1641353089
180,Campbell River,29.89,95,90,4.61,50.0163,-125.2446,CA,1641353093
181,Khovd,-0.4,80,100,1.34,48.0056,91.6419,MN,1641353096
182,Masterton,75.94,50,100,5.73,-40.9597,175.6575,NZ,1641353098
183,Port Macquarie,78.6,89,90,11.5,-31.4333,152.9167,AU,1641353078
184,Te Anau,69.71,56,14,7.67,-45.4167,167.7167,NZ,1641353102
185,Castro,64.11,96,68,2.64,-24.7911,-50.0119,BR,1641353105
186,Vostok,-2.33,82,4,3.36,46.4856,135.8833,RU,1641353107
187,Beyneu,36.41,90,100,11.43,45.3167,55.2,KZ,1641353109
188,Umm Kaddadah,55.56,33,69,13.24,13.6017,26.6876,SD,1641353112
189,Murray Bridge,65.93,66,99,20.22,-35.1167,139.2667,AU,1641353114
190,Darnah,56.41,78,1,12.06,32.767,22.6367,LY,1641353116
191,Waitara,70.0,73,100,7.96,-38.925,174.25,NZ,1641353119
192,Half Moon Bay,52.47,93,90,0.0,37.4636,-122.4286,US,1641353121
193,Port Washington,29.89,64,75,5.01,40.8257,-73.6982,US,1641352852
194,Alofi,85.89,66,99,9.22,-19.0595,-169.9187,NU,1641353125
195,Karratha,92.84,52,8,17.34,-20.7377,116.8463,AU,1641353130
196,Coyhaique,54.21,97,76,5.75,-45.5752,-72.0662,CL,1641353132
197,Necochea,59.04,65,0,7.87,-38.5473,-58.7368,AR,1641353134
198,Tasiilaq,28.56,90,100,45.48,65.6145,-37.6368,GL,1641353137
199,Saint-Philippe,78.89,77,24,8.63,-21.3585,55.7679,RE,1641353139
200,Cabo San Lucas,70.18,70,1,4.61,22.8909,-109.9124,MX,1641353045
201,Northam,40.8,67,40,20.45,51.0333,-4.2167,GB,1641353144
202,Tura,65.79,52,34,1.34,25.5198,90.2201,IN,1641353146
203,Manono,67.84,98,100,2.3,-7.3,27.4167,CD,1641353148
204,Honiara,85.98,71,35,10.36,-9.4333,159.95,SB,1641353153
205,Kimbe,78.57,90,100,4.21,-5.5502,150.1429,PG,1641353157
206,Luocheng,49.17,69,100,2.95,29.3848,104.0286,CN,1641353161
207,Yellowknife,-22.36,77,75,9.22,62.456,-114.3525,CA,1641353131
208,Huarmey,70.38,84,76,6.98,-10.0681,-78.1522,PE,1641353166
209,Clyde River,1.63,85,95,26.46,70.4692,-68.5914,CA,1641353168
210,Khandyga,-41.12,92,23,1.45,62.6667,135.6,RU,1641353170
211,Deder,55.09,85,83,1.79,9.3167,41.45,ET,1641353173
212,Hūn,52.7,57,0,5.39,29.1268,15.9477,LY,1641353175
213,Olafsvik,34.5,81,100,22.79,64.8945,-23.7142,IS,1641353177
214,Kang,72.68,64,100,5.46,-23.6752,22.7876,BW,1641353180
215,Dunedin,54.73,92,98,11.05,-45.8742,170.5036,NZ,1641353049
216,San Patricio,62.33,79,0,7.96,28.017,-97.5169,US,1641353184
217,Uvira,70.29,84,100,2.21,-3.4067,29.1458,CD,1641353186
218,Atar,63.07,23,100,8.16,20.5169,-13.0499,MR,1641353191
219,Gornoye Loo,38.98,89,87,6.53,43.7129,39.6049,RU,1641353193
220,Kapit,84.97,71,94,1.68,2.0167,112.9333,MY,1641353195
221,Barrow,12.22,73,75,19.57,71.2906,-156.7887,US,1641353200
222,Arraial do Cabo,75.15,92,100,24.54,-22.9661,-42.0278,BR,1641353204
223,Dahuk,38.8,77,59,2.73,36.8695,42.994,IQ,1641353207
224,Bantry,35.08,61,89,1.45,51.6833,-9.45,IE,1641353209
225,Camacha,58.41,63,20,8.05,33.0833,-16.3333,PT,1641353211
226,Saint Anthony,25.36,84,90,4.0,45.0205,-93.218,US,1641353214
227,Varkaus,25.23,98,100,3.76,62.3153,27.873,FI,1641353218
228,Ilulissat,39.22,30,100,26.46,69.2167,-51.1,GL,1641353220
229,Carutapera,74.91,94,50,5.61,-1.195,-46.02,BR,1641353223
230,Teahupoo,78.76,72,34,4.52,-17.8333,-149.2667,PF,1641353225
231,Talnakh,11.21,91,100,17.65,69.4865,88.3972,RU,1641353227
232,Stephenville,51.98,39,1,6.91,32.2207,-98.2023,US,1641353230
233,Narsaq,30.42,96,100,27.18,60.9167,-46.05,GL,1641353232
234,Mahibadhoo,81.79,77,95,15.73,3.7833,72.9667,MV,1641353236
235,Shitanjing,26.55,38,98,3.22,39.2342,106.3439,CN,1641353239
236,Springdale,43.07,50,1,11.01,36.1867,-94.1288,US,1641353241
237,Roald,33.17,93,75,8.05,62.5833,6.1333,NO,1641353243
238,Concarneau,36.09,73,49,7.61,47.875,-3.9225,FR,1641353246
239,Chākia,60.62,50,18,3.65,26.4167,85.05,IN,1641353248
240,Bantogon,82.53,69,100,4.27,6.5333,124.0333,PH,1641353250
241,Hamilton,40.89,72,1,1.99,39.1834,-84.5333,US,1641353252
242,Aleksandrovskiy Zavod,-1.1,92,53,3.36,50.9237,117.9374,RU,1641353255
243,Okhotsk,-10.25,79,91,19.77,59.3833,143.3,RU,1641353143
244,Kashgar,22.66,58,40,2.24,39.4547,75.9797,CN,1641353259
245,Lembeni,64.04,90,80,1.9,-3.7833,37.6167,TZ,1641353261
246,Casa Nova,73.38,56,81,7.65,-9.4167,-41.1333,BR,1641353266
247,Bayevo,4.75,96,91,8.05,53.2833,80.7667,RU,1641353268
248,Palmer,24.57,72,20,1.01,42.1584,-72.3287,US,1641353271
249,Anloga,77.22,72,95,4.18,5.7947,0.8973,GH,1641353273
250,Nanortalik,27.1,90,100,26.89,60.1432,-45.2371,GL,1641353275
251,Priladozhskiy,30.9,21,100,5.99,59.85,31.4833,RU,1641353278
252,Iskateley,-24.61,100,86,7.56,67.6803,53.1512,RU,1641353280
253,Namatanai,83.93,74,87,11.59,-3.6667,152.4333,PG,1641352991
254,Long Beach,53.58,81,1,3.44,33.767,-118.1892,US,1641353284
255,Viedma,59.16,51,0,10.45,-40.8135,-62.9967,AR,1641353287
256,Sri Aman,84.25,79,20,3.44,1.2376,111.4621,MY,1641353289
257,Inuvik,-19.34,76,1,4.61,68.3499,-133.7218,CA,1641353291
258,Acapulco de Juárez,78.62,83,1,4.61,16.8634,-99.8901,MX,1641353294
259,Calama,57.43,37,0,3.33,-22.4667,-68.9333,CL,1641353296
260,Poum,81.39,73,58,8.32,-20.2333,164.0167,NC,1641353298
261,Manzanillo,69.44,74,0,6.24,20.3433,-77.1167,CU,1641353301
262,Tual,79.2,85,100,18.3,-5.6667,132.75,ID,1641353303
263,Dubrovka,30.18,99,100,16.55,53.6907,33.5071,RU,1641353305
264,Arlit,59.95,31,57,4.83,18.7369,7.3853,NE,1641353308
265,Inhambane,76.8,78,54,7.54,-23.865,35.3833,MZ,1641353310
266,Tucuruí,72.75,97,78,2.53,-3.7661,-49.6725,BR,1641353312
267,Olinda,74.93,94,75,4.61,-8.0089,-34.8553,BR,1641353314
268,Teya,21.34,91,100,8.23,60.3778,92.6267,RU,1641353317
269,Flinders,79.66,79,57,4.0,-34.5833,150.8552,AU,1641353319
270,Minas Novas,65.25,76,97,1.23,-17.2186,-42.5903,BR,1641353321
271,Cattolica,55.2,76,75,3.0,43.9575,12.7376,IT,1641353324
272,Canyon,50.59,24,93,9.86,34.9803,-101.9188,US,1641352504
273,Saint-Gédéon,13.3,85,99,9.37,48.5001,-71.7658,CA,1641353328
274,Maple Creek,-18.27,69,99,8.05,49.9168,-109.4848,CA,1641353330
275,Stranraer,36.3,68,94,26.6,54.9023,-5.0273,GB,1641353335
276,Beira,75.29,94,40,4.61,-19.8436,34.8389,MZ,1641353337
277,Miracema do Tocantins,73.4,96,100,0.4,-9.5618,-48.3967,BR,1641353339
278,Tumut,86.99,29,63,14.25,-35.3,148.2167,AU,1641353342
279,Ketchikan,10.87,79,1,0.0,55.3422,-131.6461,US,1641353344
280,Leningradskiy,16.03,82,95,2.28,69.3833,178.4167,RU,1641353349
281,Geraldton,102.61,24,0,14.97,-28.7667,114.6,AU,1641353269
282,Bay Roberts,11.95,72,99,11.99,47.5999,-53.2648,CA,1641353353
283,Luganville,84.65,77,100,11.83,-15.5333,167.1667,VU,1641353355
284,Yangi Marg`ilon,38.1,87,100,2.3,40.4272,71.7189,UZ,1641353358
285,Oktyabr'skiy,-13.85,100,33,0.11,54.4815,53.471,RU,1641353362
286,Road Town,75.0,79,5,18.32,18.4167,-64.6167,VG,1641353364
287,Dingle,80.92,76,96,14.43,10.9995,122.6711,PH,1641353367
288,Bereda,40.05,100,87,1.97,43.2686,-7.5406,ES,1641353369
289,Ndjolé,73.49,99,100,0.81,-0.1783,10.7649,GA,1641353371
290,Dmytrivka,45.07,75,79,14.88,45.9717,28.9864,UA,1641353374
291,Kaitangata,59.94,60,98,7.11,-46.2817,169.8464,NZ,1641353376
292,Fukuechō,50.36,62,75,10.36,32.6881,128.8419,JP,1641353378
293,Najrān,52.45,79,97,4.21,17.4924,44.1277,SA,1641353381
294,Noumea,87.01,99,100,5.55,-22.2763,166.4572,NC,1641353383
295,Champerico,77.09,72,0,4.43,14.3,-91.9167,GT,1641353385
296,Escanaba,34.36,85,90,10.36,45.7453,-87.0646,US,1641353174
297,Polyarny,0.46,82,100,12.75,69.1989,33.4478,RU,1641353390
298,Guerrero Negro,58.51,77,8,10.42,27.9769,-114.0611,MX,1641353392
299,Wagga Wagga,88.21,35,12,13.8,-35.1167,147.3667,AU,1641353394
300,Finnsnes,14.63,95,100,3.13,69.2296,17.9811,NO,1641353397
301,Westport,29.19,68,1,11.99,41.1415,-73.3579,US,1641353399
302,Kidal,59.63,29,0,9.4,18.4411,1.4078,ML,1641353401
303,Ivanteyevka,21.16,96,100,8.7,55.9711,37.9208,RU,1641353404
304,Buala,85.95,67,93,7.09,-8.145,159.5921,SB,1641353407
305,Onega,3.16,91,100,14.97,63.9061,38.1404,RU,1641353409
306,Airai,68.88,83,99,3.24,-8.9266,125.4092,TL,1641353412
307,Oistins,77.09,73,20,10.36,13.0667,-59.5333,BB,1641353416
308,Kavieng,82.8,75,67,11.95,-2.5744,150.7967,PG,1641353418
309,Vestmanna,32.92,51,75,18.41,62.1564,-7.1664,FO,1641353421
310,Khor,-5.17,86,30,8.03,47.8861,134.9464,RU,1641353423
311,São Félix do Xingu,70.2,99,39,1.41,-6.6447,-51.995,BR,1641353425
312,São João da Barra,75.54,88,100,20.47,-21.6403,-41.0511,BR,1641353312
313,Monze,65.17,98,100,2.33,-16.2833,27.4833,ZM,1641353430
314,Āsosa,58.98,30,40,5.73,10.0667,34.5333,ET,1641353432
315,Pingliang,33.85,59,42,5.88,35.5392,106.6861,CN,1641353435
316,Port Elizabeth,68.29,83,0,17.27,-33.918,25.5701,ZA,1641353437
317,Kattivākkam,75.07,83,85,7.83,13.2167,80.3167,IN,1641353439
318,Kudahuvadhoo,81.5,77,99,11.43,2.6708,72.8944,MV,1641353442
319,Saint-Paul,79.09,66,46,2.01,-21.0096,55.2707,RE,1641353444
320,Sokoto,62.51,34,66,10.18,13.0609,5.239,NG,1641353446
321,Saint-Pierre,79.63,61,0,5.75,-21.3393,55.4781,RE,1641353449
322,Caucayá,75.85,59,97,2.35,-0.1934,-74.7819,CO,1641353451
323,Hisor,42.55,93,100,2.35,38.525,68.5512,TJ,1641353453
324,Gorontalo,90.86,52,98,3.47,0.5412,123.0595,ID,1641353456
325,Pevek,14.02,86,100,7.99,69.7008,170.3133,RU,1641353458
326,Dryden,-1.91,78,90,13.8,49.7833,-92.7503,CA,1641353405
327,Rocha,67.05,58,100,14.79,-34.4833,-54.3333,UY,1641353462
328,Korla,26.37,51,99,3.36,41.7597,86.1469,CN,1641353465
329,Tabas,47.53,57,89,5.99,33.5959,56.9244,IR,1641353467
330,Beringovskiy,8.37,89,73,5.93,63.05,179.3167,RU,1641353469
331,Verkhoyansk,-56.54,98,55,2.26,67.5447,133.385,RU,1641353472
332,Minna,70.95,33,99,7.58,9.6139,6.5569,NG,1641353476
333,Cururupu,74.12,94,27,2.15,-1.8283,-44.8683,BR,1641353479
334,Srednekolymsk,-10.62,98,100,2.82,67.45,153.6833,RU,1641353481
335,Laguna,53.24,92,75,1.99,38.421,-121.4238,US,1641353485
336,Aksu,27.37,46,52,1.01,41.1231,80.2644,CN,1641353488
337,Faya,45.12,89,42,1.79,18.3851,42.4509,SA,1641353490
338,Ouadda,65.68,31,100,7.65,8.0777,22.4007,CF,1641353493
339,Chalmette,48.54,82,1,3.0,29.9427,-89.9634,US,1641353450
340,Broken Hill,80.31,22,0,13.8,-31.95,141.4333,AU,1641353497
341,Atbasar,2.71,97,93,7.43,51.8,68.3333,KZ,1641353504
342,Gold Coast,82.53,81,75,3.0,-28.0,153.4333,AU,1641353506
343,Almansa,44.91,75,21,31.94,38.8692,-1.0971,ES,1641353508
344,Eyl,75.45,81,78,11.52,7.9803,49.8164,SO,1641353513
345,Dodola,50.86,77,91,3.29,6.9833,39.1833,ET,1641353515
346,Linhares,70.9,98,92,3.51,-19.3911,-40.0722,BR,1641353517
347,Gogrial,66.36,30,77,4.9,8.5332,28.1004,SS,1641353520
348,Comodoro Rivadavia,53.46,71,0,2.3,-45.8667,-67.5,AR,1641353522
349,Cherskiy,4.51,97,100,4.65,68.75,161.3,RU,1641353524
350,University Park,70.7,77,20,5.75,25.7465,-80.3676,US,1641353527
351,Whitehorse,-28.55,67,1,4.0,60.7161,-135.0538,CA,1641353526
352,Bengkulu,83.62,67,38,5.84,-3.8004,102.2655,ID,1641353531
353,Bose,41.45,96,100,0.78,45.4612,8.0137,IT,1641353533
354,Vieste,46.9,79,6,13.06,41.8825,16.175,IT,1641353536
355,Ternate,81.5,76,100,7.49,0.8,127.4,ID,1641353538
356,Fairbanks,-33.75,75,1,0.0,64.8378,-147.7164,US,1641353463
357,Port Lincoln,66.69,59,74,19.84,-34.7333,135.8667,AU,1641353543
358,Kota Kinabalu,85.98,70,20,3.44,5.9749,116.0724,MY,1641353545
359,Tabuk,77.23,68,92,6.55,17.4189,121.4443,PH,1641353549
360,Havøysund,14.88,89,100,13.51,70.9963,24.6622,NO,1641353554
361,Rodolfo Sánchez Taboada,56.93,59,0,4.54,31.7167,-116.5667,MX,1641353556
362,Lagoa,58.6,66,76,7.18,39.05,-27.9833,PT,1641353559
363,Aquiraz,81.09,81,90,7.49,-3.9014,-38.3911,BR,1641353561
364,Hualmay,70.16,84,100,8.52,-11.0964,-77.6139,PE,1641353563
365,Neiafu,81.28,78,75,5.75,-18.65,-173.9833,TO,1641353568
366,North Bend,52.25,97,90,19.57,43.4065,-124.2243,US,1641353570
367,Cangzhou,37.04,50,94,4.12,38.3167,116.8667,CN,1641353572
368,Alta Floresta,70.77,98,41,3.49,-9.8756,-56.0861,BR,1641353575
369,Mińsk Mazowiecki,40.19,93,98,10.78,52.1794,21.5725,PL,1641353577
370,Longyearbyen,-0.56,65,0,8.05,78.2186,15.6401,SJ,1641353579
371,Puerto Escondido,79.63,73,1,0.0,15.85,-97.0667,MX,1641353581
372,Marsh Harbour,71.55,68,44,4.65,26.5412,-77.0636,BS,1641353584
373,Lovozero,2.26,92,100,11.99,68.005,35.0117,RU,1641353586
374,Kanigoro,83.26,65,100,7.87,-8.13,112.219,ID,1641353588
375,Malazgirt,5.74,91,40,2.21,39.1427,42.5401,TR,1641353593
376,Sinnamary,76.14,86,81,9.35,5.3833,-52.95,GF,1641353595
377,Vyshneve,42.17,89,90,11.18,50.3891,30.3705,UA,1641353597
378,Rabo de Peixe,53.28,98,40,6.91,37.8,-25.5833,PT,1641353600
379,Along,66.02,40,60,0.45,28.1667,94.7667,IN,1641353602
380,Norman Wells,-43.56,60,20,2.3,65.282,-126.8329,CA,1641353604
381,Mackay,87.78,74,47,12.66,-21.15,149.2,AU,1641353502
382,Coquimbo,62.33,88,0,3.44,-29.9533,-71.3436,CL,1641353479
383,Manthani,73.42,63,24,7.23,18.65,79.6667,IN,1641353611
384,Pompéu,65.52,97,100,4.79,-19.2244,-44.9353,BR,1641353428
385,Piaçabuçu,77.54,81,94,9.01,-10.4056,-36.4344,BR,1641353615
386,Vallenar,70.05,62,0,1.97,-28.5708,-70.7581,CL,1641353618
387,Staryy Nadym,-8.05,97,100,9.73,65.6118,72.6842,RU,1641353620
388,Barra de Tecoanapa,75.76,86,17,3.18,16.5167,-98.75,MX,1641353622
389,Lakhdenpokh'ya,19.67,99,99,2.55,61.5198,30.1992,RU,1641353625
390,São Filipe,73.24,62,99,4.94,14.8961,-24.4956,CV,1641353627
391,Sabang,80.38,80,91,21.45,5.8933,95.3214,ID,1641353630
392,Nikolayevsk-on-Amur,-5.57,83,6,6.11,53.1406,140.73,RU,1641353632
393,Erzin,48.92,86,18,3.36,36.9559,36.2,TR,1641353634
394,Safi,59.97,72,89,16.13,32.2994,-9.2372,MA,1641353637
395,Chui,68.83,71,100,16.37,-33.6971,-53.4616,UY,1641353639
396,Katangli,-1.05,75,100,14.99,51.7102,143.2326,RU,1641353641
397,Liverpool,40.95,77,75,8.01,53.4106,-2.9779,GB,1641353433
398,Annau,38.7,93,90,9.22,37.8876,58.516,TM,1641353646
399,Masvingo,67.42,87,98,2.35,-20.0637,30.8277,ZW,1641353648
400,Tallahassee,50.83,91,75,0.0,30.4383,-84.2807,US,1641353461
401,Shimanovsk,-5.49,89,100,5.5,52.0,127.7,RU,1641353652
402,Karlskrona,36.05,87,34,15.01,56.1616,15.5866,SE,1641353655
403,Kamina,63.66,99,100,3.24,-8.7386,24.9906,CD,1641353657
404,Okha,-6.97,88,84,22.21,53.5739,142.9478,RU,1641353659
405,Biloela,96.82,27,0,6.71,-24.4167,150.5,AU,1641353662
406,Damara,65.62,41,89,3.58,4.9608,18.7035,CF,1641353666
407,Loncoche,54.28,86,86,2.48,-39.3667,-72.6333,CL,1641353670
408,Bonfim,76.03,69,41,10.04,3.0833,-59.95,BR,1641353673
409,Novoagansk,-2.18,93,94,11.36,61.9449,76.6625,RU,1641353675
410,Naze,63.52,61,76,5.97,28.3667,129.4833,JP,1641353677
411,Sidrolândia,77.79,95,46,4.0,-20.9319,-54.9614,BR,1641353680
412,Ariquemes,72.43,99,99,2.24,-9.9133,-63.0408,BR,1641353682
413,Mayo,26.46,89,64,1.01,38.8876,-76.5119,US,1641353684
414,Hong Kong,72.82,70,75,10.0,22.2855,114.1577,HK,1641353687
415,Maxixe,78.22,74,42,6.53,-23.8597,35.3472,MZ,1641353689
416,Mossamedes,66.94,88,77,5.55,-15.1961,12.1522,AO,1641353691
417,Cabedelo,77.67,72,4,11.7,-6.9811,-34.8339,BR,1641353642
418,Lakatoro,84.49,74,99,12.88,-16.0999,167.4164,VU,1641353696
419,Bilma,55.47,42,40,5.75,18.6853,12.9164,NE,1641353698
420,Bud,38.84,67,100,20.8,39.447,-86.1758,US,1641353700
421,Culaman,80.56,78,100,11.05,5.9603,125.6586,PH,1641353707
422,Stornoway,37.18,74,90,5.01,58.2093,-6.3865,GB,1641353709
423,Biała Podlaska,39.22,88,100,8.79,52.0324,23.1165,PL,1641353568
424,Severo-Yeniseyskiy,19.24,90,100,9.17,60.3725,93.0408,RU,1641353714
425,Sohag,46.69,73,0,6.46,26.557,31.6948,EG,1641353716
426,Panlaitan,82.26,62,64,2.64,12.1191,119.8486,PH,1641353718
427,Whitianga,82.02,55,37,7.09,-36.8333,175.7,NZ,1641353721
428,Yerbogachën,4.05,96,100,4.94,61.2767,108.0108,RU,1641353725
429,Lebu,55.26,82,12,18.72,-37.6167,-73.65,CL,1641353727
430,Mwingi,64.38,85,99,2.77,-0.9344,38.0601,KE,1641353730
431,Ségou,66.51,22,2,9.64,13.4317,-6.2157,ML,1641353732
432,Mnogovershinnyy,-3.14,72,0,6.29,53.9353,139.9242,RU,1641353734
433,Markova,48.79,78,100,13.4,48.6758,24.4138,UA,1641353737
434,Klaksvík,34.72,71,100,27.4,62.2266,-6.589,FO,1641353739
435,Antofagasta,65.48,80,5,1.54,-23.65,-70.4,CL,1641353493
436,Mildura,80.56,32,0,8.05,-34.2,142.15,AU,1641353743
437,Galle,80.11,81,92,6.69,6.0367,80.217,LK,1641353746
438,Praia da Vitória,57.45,82,20,10.94,38.7333,-27.0667,PT,1641353726
439,Asău,51.96,63,100,11.23,46.4333,26.4,RO,1641353750
440,Sechura,69.35,79,42,9.15,-5.5569,-80.8222,PE,1641353752
441,Rāth,62.92,48,42,4.38,25.5833,79.5667,IN,1641353755
442,Juba,73.98,34,100,1.86,4.8517,31.5825,SS,1641353757
443,Mattru,74.21,89,55,0.29,7.6244,-11.8332,SL,1641353759
444,Treinta y Tres,63.95,81,100,11.97,-33.2333,-54.3833,UY,1641353762
445,Price,16.86,73,1,4.61,39.5994,-110.8107,US,1641353766
446,Carauari,74.05,95,100,1.52,-4.8828,-66.8958,BR,1641353770
447,Benghazi,59.83,74,4,12.19,32.1167,20.0667,LY,1641353773
448,Kingsland,61.5,90,96,5.59,30.8,-81.6898,US,1641353775
449,Pandaria,69.48,39,2,3.42,22.2333,81.4167,IN,1641353777
450,Gaza,56.23,69,75,7.87,31.5,34.4667,PS,1641353574
451,Kathu,83.7,96,99,5.28,7.9178,98.3332,TH,1641353784
452,Amapá,70.95,97,86,1.95,1.0,-52.0,BR,1641353786
453,Timberlake,25.09,86,1,0.0,37.3207,-79.2575,US,1641353789
454,Indian Head,25.66,87,1,0.0,38.6001,-77.1622,US,1641353791
455,Florianópolis,74.7,88,75,8.05,-27.6146,-48.5012,BR,1641353793
456,Uspenka,34.09,97,100,6.98,48.3903,39.1619,UA,1641353796
457,Ballina,74.88,95,75,11.5,-28.8667,153.5667,AU,1641353798
458,Tessalit,58.48,29,0,8.32,20.1986,1.0114,ML,1641353800
459,Bastrop,46.13,66,5,1.01,32.7562,-91.8724,US,1641353805
460,Zemio,66.51,44,92,0.22,5.0314,25.1361,CF,1641353807
461,Lagos,73.56,88,95,1.97,6.5833,3.75,NG,1641353665
462,Santa Maria,70.9,100,40,0.0,-29.6842,-53.8069,BR,1641353761
463,Kirakira,84.85,73,54,10.18,-10.4544,161.9205,SB,1641353813
464,Turki,-3.48,100,75,5.37,51.987,43.2731,RU,1641353816
465,Ixtapa,70.83,94,20,0.0,20.7,-105.2,MX,1641353774
466,Qaqortoq,30.7,94,100,22.86,60.7167,-46.0333,GL,1641353820
467,Campoverde,82.09,54,99,1.43,-8.4753,-74.8058,PE,1641353825
468,Saint-François,40.15,82,90,11.5,46.4154,3.9054,FR,1641353827
469,Port Augusta,81.72,37,0,20.85,-32.5,137.7667,AU,1641353829
470,Cajaruro,77.16,78,96,1.05,-5.7364,-78.4256,PE,1641353832
471,Eureka,51.31,95,100,12.19,40.8021,-124.1637,US,1641353834
472,Dodoma,65.66,86,95,3.65,-6.1722,35.7395,TZ,1641353837
473,Malbork,34.39,77,98,10.54,54.0359,19.0266,PL,1641353839
474,Saldanha,55.45,86,0,3.22,-33.0117,17.9442,ZA,1641353841
475,Suşehri,26.69,94,82,2.3,40.1644,38.0867,TR,1641353843
476,Hay River,-32.82,75,20,5.75,60.8156,-115.7999,CA,1641353846
477,Lucea,73.85,78,1,8.43,18.451,-78.1736,JM,1641353848
478,Dongobesh,54.61,91,100,2.33,-4.0667,35.3833,TZ,1641353851
479,Ranong,82.33,57,96,3.8,9.9658,98.6348,TH,1641353853
480,Grand Gaube,82.38,72,85,8.99,-20.0064,57.6608,MU,1641353855
481,Muzhi,-11.38,78,93,16.71,65.3667,64.6667,RU,1641353858
482,Illapel,66.02,77,3,2.06,-31.6308,-71.1653,CL,1641353771
483,Kamenka,1.74,99,62,5.32,51.3223,42.7678,RU,1641353862
484,Kisi,71.46,31,87,2.95,9.0833,3.85,NG,1641353864
485,Province of Mantua,43.14,92,100,5.01,45.1667,10.7833,IT,1641353867
486,Umluj,66.81,36,0,10.76,25.0213,37.2685,SA,1641353871
487,Vila do Maio,70.59,64,92,11.9,15.1333,-23.2167,CV,1641353874
488,Zhob,41.38,90,100,1.48,31.3411,69.4481,PK,1641353876
489,Moerai,79.74,76,89,9.6,-22.4333,-151.3333,PF,1641353878
490,Santa Rosa,85.17,62,77,15.59,14.3122,121.1114,PH,1641353881
491,Huicungo,74.95,80,99,1.81,-7.2833,-76.8,PE,1641353883
492,Fuzhou,58.89,62,33,1.79,26.0614,119.3061,CN,1641353885
493,Hopelchén,68.07,84,52,2.51,19.7667,-89.85,MX,1641353888
494,Lüderitz,58.59,71,0,12.86,-26.6481,15.1594,NA,1641353890
495,Sai Buri,80.65,76,99,8.75,6.7013,101.6168,TH,1641353892
496,Il’inskiy,18.43,93,75,11.18,55.619,38.1182,RU,1641353895
497,Biak,84.76,64,100,2.82,-0.9131,122.8766,ID,1641353897
498,Gurlan,32.07,58,100,8.55,41.8447,60.3919,UZ,1641353899
499,Mahon,57.76,88,20,6.91,39.8885,4.2658,ES,1641353906
500,Luwuk,88.83,60,100,3.31,-0.9516,122.7875,ID,1641353908
501,Ozernovskiy,28.42,69,2,6.89,51.5,156.5167,RU,1641353910
502,Mitsamiouli,77.29,83,20,4.61,-11.3847,43.2844,KM,1641353915
503,Nanga Eboko,63.05,68,40,0.45,4.6833,12.3667,CM,1641353917
504,Algiers,60.62,59,20,11.5,36.7525,3.042,DZ,1641353823
505,Nador,59.25,63,40,17.27,35.174,-2.9287,MA,1641353924
506,Rāwatbhāta,69.31,47,93,4.79,24.9333,75.5833,IN,1641353926
507,San Rafael,74.75,35,14,5.77,-34.6177,-68.3301,AR,1641353928
508,Adrar,57.87,29,78,9.86,20.5022,-10.0711,MR,1641353931
509,Carlyle,35.83,75,100,11.99,38.6103,-89.3726,US,1641353933
510,Makakilo City,73.96,77,90,6.91,21.3469,-158.0858,US,1641353935
511,Oktyabr'skoye,33.35,93,100,6.71,43.0645,44.7417,RU,1641353938
512,Marfino,21.31,86,90,8.95,55.7028,37.3822,RU,1641353940
513,Bathsheba,77.61,73,20,10.36,13.2167,-59.5167,BB,1641353942
514,Yershov,1.44,97,83,8.08,51.3513,48.2766,RU,1641353945
515,Abomsa,65.12,88,92,2.53,9.9833,39.9833,ET,1641353947
516,Saint-Augustin,-2.34,82,75,10.58,51.226,-58.6502,CA,1641353950
517,Esqueda,50.9,26,12,2.57,30.7167,-109.5833,MX,1641353952
518,Cariamanga,54.59,82,100,2.37,-4.3333,-79.55,EC,1641353954
519,Aksarka,-10.08,97,100,4.47,66.5606,67.7975,RU,1641353957
520,Shingū,46.9,39,18,4.03,33.7333,135.9833,JP,1641353959
521,Kushima,51.84,58,36,5.57,31.4583,131.2333,JP,1641353961
522,Harper,77.95,84,51,6.76,4.375,-7.7169,LR,1641353964
523,Karagaylinskiy,28.35,91,100,8.9,54.172,86.5521,RU,1641353966
524,Lillesand,30.24,100,90,2.3,58.2488,8.3778,NO,1641353968
525,Luanda,75.2,88,75,5.75,-8.8368,13.2343,AO,1641353973
526,Puerto Limón,74.53,81,6,4.07,10.0,-83.0333,CR,1641353975
527,Freeport,31.21,70,1,8.01,40.6576,-73.5832,US,1641353804
528,Liepāja,35.58,93,90,10.36,56.5419,21.0367,LV,1641353982
529,Achacachi,44.96,66,92,4.5,-16.05,-68.6833,BO,1641353984
530,Wonthaggi,69.73,93,100,21.99,-38.6044,145.5913,AU,1641353986
531,Chubbuck,29.62,77,90,5.01,42.9208,-112.4661,US,1641353988
532,Ibi,45.88,65,4,25.84,38.6253,-0.5723,ES,1641353991
533,Jieshi,69.94,72,89,7.74,22.8134,115.8257,CN,1641353993
534,Ekhabi,-7.31,88,86,22.17,53.5102,142.9671,RU,1641353995
535,Killam,-29.34,75,97,8.05,52.7834,-111.8518,CA,1641353998
536,College,-34.1,75,1,0.0,64.8569,-147.8028,US,1641353742
537,Lyubuchany,19.99,95,100,9.51,55.2511,37.5456,RU,1641354002
538,Jalu,53.11,65,0,6.96,29.0331,21.5482,LY,1641354005
539,Tank,51.85,83,100,5.08,32.2217,70.3793,PK,1641354007
540,Ardahan,10.89,98,76,3.91,41.1087,42.7022,TR,1641354010
541,Maceió,76.44,88,75,6.91,-9.6658,-35.7353,BR,1641354014
542,Ciudad Guayana,75.52,88,71,5.55,8.3533,-62.6528,VE,1641354016
543,Kindu,68.59,99,100,0.36,-2.95,25.95,CD,1641354019
544,Zhaodong,3.22,76,80,9.55,46.0833,125.9833,CN,1641354021
545,Mana,75.7,86,57,7.38,5.6592,-53.7767,GF,1641354023
546,Cockburn Town,78.15,74,1,14.2,21.4612,-71.1419,TC,1641353869
547,Ardakān,41.38,47,49,6.44,32.31,54.0175,IR,1641354028
548,Zhangye,28.08,28,9,2.33,38.9342,100.4517,CN,1641354030
549,Sarangani,81.32,77,89,20.69,5.4033,125.4636,PH,1641354032
